{
    "epoch": 300.0,
    "test_loss": 34.68214416503906,
    "test_map": 0.0625,
    "test_map_50": 0.24,
    "test_map_75": 0.0058,
    "test_map_large": -1.0,
    "test_map_medium": -1.0,
    "test_map_organ": 0.0312,
    "test_map_shrimp": 0.0938,
    "test_map_small": 0.0625,
    "test_mar_1": 0.0185,
    "test_mar_10": 0.1059,
    "test_mar_100": 0.1303,
    "test_mar_100_organ": 0.1129,
    "test_mar_100_shrimp": 0.1478,
    "test_mar_large": -1.0,
    "test_mar_medium": -1.0,
    "test_mar_small": 0.1303,
    "test_runtime": 9.1574,
    "test_samples_per_second": 2.73,
    "test_steps_per_second": 0.764,
    "total_flos": 4.194135736005427e+18,
    "train_loss": 26.536441636827256,
    "train_runtime": 4479.5589,
    "train_samples_per_second": 3.817,
    "train_steps_per_second": 1.005
}