{
    "epoch": 300.0,
    "total_flos": 4.194135736005427e+18,
    "train_loss": 26.536441636827256,
    "train_runtime": 4479.5589,
    "train_samples_per_second": 3.817,
    "train_steps_per_second": 1.005
}