{
    "epoch": 100.0,
    "total_flos": 1.471633850105856e+19,
    "train_loss": 6.106457865397135,
    "train_runtime": 5009.4474,
    "train_samples_per_second": 11.977,
    "train_steps_per_second": 1.497
}