{
    "epoch": 300.0,
    "test_loss": 16.480058670043945,
    "test_map": 0.3779,
    "test_map_50": 0.8475,
    "test_map_75": 0.3462,
    "test_map_large": -1.0,
    "test_map_medium": 0.5833,
    "test_map_organ": 0.2192,
    "test_map_shrimp": 0.5367,
    "test_map_small": 0.3387,
    "test_mar_1": 0.0738,
    "test_mar_10": 0.4399,
    "test_mar_100": 0.4626,
    "test_mar_100_organ": 0.3453,
    "test_mar_100_shrimp": 0.5799,
    "test_mar_large": -1.0,
    "test_mar_medium": 0.6188,
    "test_mar_small": 0.4255,
    "test_runtime": 39.6938,
    "test_samples_per_second": 0.605,
    "test_steps_per_second": 0.076,
    "total_flos": 2.483369843687424e+19,
    "train_loss": 14.811420004708426,
    "train_runtime": 16648.8646,
    "train_samples_per_second": 0.973,
    "train_steps_per_second": 0.252
}