{
    "epoch": 300.0,
    "test_loss": 17.02800941467285,
    "test_map": 0.3717,
    "test_map_50": 0.829,
    "test_map_75": 0.3466,
    "test_map_background": -1.0,
    "test_map_large": -1.0,
    "test_map_medium": 0.619,
    "test_map_organ": 0.1955,
    "test_map_shrimp": 0.548,
    "test_map_small": 0.3098,
    "test_mar_1": 0.0751,
    "test_mar_10": 0.4364,
    "test_mar_100": 0.4634,
    "test_mar_100_background": -1.0,
    "test_mar_100_organ": 0.3372,
    "test_mar_100_shrimp": 0.5896,
    "test_mar_large": -1.0,
    "test_mar_medium": 0.6436,
    "test_mar_small": 0.412,
    "test_runtime": 85.8004,
    "test_samples_per_second": 0.28,
    "test_steps_per_second": 0.035,
    "total_flos": 7.722720553992192e+19,
    "train_loss": 14.698207813444592,
    "train_runtime": 28476.7012,
    "train_samples_per_second": 0.569,
    "train_steps_per_second": 0.147
}