{
    "epoch": 300.0,
    "test_loss": 27.57781982421875,
    "test_map": 0.1821,
    "test_map_50": 0.4794,
    "test_map_75": 0.0714,
    "test_map_large": -1.0,
    "test_map_medium": -1.0,
    "test_map_organ": 0.0358,
    "test_map_shrimp": 0.3283,
    "test_map_small": 0.1821,
    "test_mar_1": 0.0493,
    "test_mar_10": 0.2424,
    "test_mar_100": 0.2643,
    "test_mar_100_organ": 0.1599,
    "test_mar_100_shrimp": 0.3688,
    "test_mar_large": -1.0,
    "test_mar_medium": -1.0,
    "test_mar_small": 0.2643,
    "test_runtime": 8.2462,
    "test_samples_per_second": 2.91,
    "test_steps_per_second": 0.364,
    "total_flos": 9.048704127860736e+17,
    "train_loss": 25.837784754435223,
    "train_runtime": 3792.4044,
    "train_samples_per_second": 4.272,
    "train_steps_per_second": 1.107
}